b2_item_no,type,instrument_no,record_date,summary,risk_tags,source_doc,source_page_hint
1,taxes,,,"Taxes for the year 2026, not yet due and payable.",monetary,01_Title_Commitment.pdf,See Schedule B-II
3,rights_of_parties,,,"Rights of parties in possession, including tenants and occupants.",possession,01_Title_Commitment.pdf,See Schedule B-II
5,plat,Film Code No. 1234567,2006-05-02,"Easements, building lines, and other matters as shown on the plat recorded under Film Code No. 1234567.",boundary,07_Plat_Map_FilmCode_1234567.pdf,See Schedule B-II
8,ccrs,2008-045678,2008-11-03,"Declaration of Covenants, Conditions and Restrictions recorded as Instrument No. 2008-045678.",use_restriction,03_CCRs_2008-045678.pdf,See Schedule B-II
9,rea,2019-098765,2019-08-19,Reciprocal Easement Agreement (ingress/egress and shared parking) recorded as Instrument No. 2019-098765.,access;parking,04_REA_2019-098765.pdf,See Schedule B-II
12,utility_easement,2012-001234,2012-02-14,20' Utility Easement recorded as Instrument No. 2012-001234 (north 20 feet of the Tract).,utilities,02_Utility_Easement_2012-001234.pdf,See Schedule B-II
13,mortgage,2021-123456,2021-06-30,Deed of Trust recorded as Instrument No. 2021-123456.,monetary,05_Deed_of_Trust_2021-123456.pdf,See Schedule B-II
15,mechanics_lien,2024-222222,2024-09-10,Mechanic’s and Materialman’s Lien recorded as Instrument No. 2024-222222.,monetary,06_Mechanics_Lien_2024-222222.pdf,See Schedule B-II
16,access_easement,2015-003333,2015-04-21,Access Easement recorded as Instrument No. 2015-003333 (30' ingress/egress along south boundary of Parcel A).,access,10_Access_Easement_2015-003333.pdf,See Schedule B-II
18,mortgage,2021-123456,2021-06-30,Partial Release of Deed of Trust recorded as Instrument No. 2022-010101 (releasing Parcel B).,monetary,05_Deed_of_Trust_2021-123456.pdf,See Schedule B-II
